caminho,nome,tipo,url
Estimativas_de_Populacao/,Estimativas_de_Populacao/,pasta,https://ftp.ibge.gov.br/Estimativas_de_Populacao/
Estimativas_de_Populacao/Estimativas_1989,Estimativas_1989,pasta,https://ftp.ibge.gov.br/Estimativas_de_Populacao/Estimativas_1989
Estimativas_de_Populacao/Estimativas_1989/estimativas_populacao_1989.pdf,estimativas_populacao_1989.pdf,arquivo,https://ftp.ibge.gov.br/Estimativas_de_Populacao/Estimativas_1989/estimativas_populacao_1989.pdf
Estimativas_de_Populacao/Estimativas_1992,Estimativas_1992,pasta,https://ftp.ibge.gov.br/Estimativas_de_Populacao/Estimativas_1992
Estimativas_de_Populacao/Estimativas_1992/estimativa_populacao_1992_ods.zip,estimativa_populacao_1992_ods.zip,arquivo,https://ftp.ibge.gov.br/Estimativas_de_Populacao/Estimativas_1992/estimativa_populacao_1992_ods.zip
Estimativas_de_Populacao/Estimativas_1992/estimativa_populacao_1992_xls.zip,estimativa_populacao_1992_xls.zip,arquivo,https://ftp.ibge.gov.br/Estimativas_de_Populacao/Estimativas_1992/estimativa_populacao_1992_xls.zip
Estimativas_de_Populacao/Estimativas_1992/estimativa_populacao_1992.pdf,estimativa_populacao_1992.pdf,arquivo,https://ftp.ibge.gov.br/Estimativas_de_Populacao/Estimativas_1992/estimativa_populacao_1992.pdf
Estimativas_de_Populacao/Estimativas_1993,Estimativas_1993,pasta,https://ftp.ibge.gov.br/Estimativas_de_Populacao/Estimativas_1993
Estimativas_de_Populacao/Estimativas_1993/estimativa_populacao_1993_ods.zip,estimativa_populacao_1993_ods.zip,arquivo,https://ftp.ibge.gov.br/Estimativas_de_Populacao/Estimativas_1993/estimativa_populacao_1993_ods.zip
Estimativas_de_Populacao/Estimativas_1993/estimativa_populacao_1993_xls.zip,estimativa_populacao_1993_xls.zip,arquivo,https://ftp.ibge.gov.br/Estimativas_de_Populacao/Estimativas_1993/estimativa_populacao_1993_xls.zip
Estimativas_de_Populacao/Estimativas_1993/estimativa_populacao_1993.pdf,estimativa_populacao_1993.pdf,arquivo,https://ftp.ibge.gov.br/Estimativas_de_Populacao/Estimativas_1993/estimativa_populacao_1993.pdf
Estimativas_de_Populacao/Estimativas_1994,Estimativas_1994,pasta,https://ftp.ibge.gov.br/Estimativas_de_Populacao/Estimativas_1994
Estimativas_de_Populacao/Estimativas_1994/estimativa_populacao_1994_ods.zip,estimativa_populacao_1994_ods.zip,arquivo,https://ftp.ibge.gov.br/Estimativas_de_Populacao/Estimativas_1994/estimativa_populacao_1994_ods.zip
Estimativas_de_Populacao/Estimativas_1994/estimativa_populacao_1994_xls.zip,estimativa_populacao_1994_xls.zip,arquivo,https://ftp.ibge.gov.br/Estimativas_de_Populacao/Estimativas_1994/estimativa_populacao_1994_xls.zip
Estimativas_de_Populacao/Estimativas_1994/estimativa_populacao_1994.pdf,estimativa_populacao_1994.pdf,arquivo,https://ftp.ibge.gov.br/Estimativas_de_Populacao/Estimativas_1994/estimativa_populacao_1994.pdf
Estimativas_de_Populacao/Estimativas_1995,Estimativas_1995,pasta,https://ftp.ibge.gov.br/Estimativas_de_Populacao/Estimativas_1995
Estimativas_de_Populacao/Estimativas_1995/estimativa_populacao_1995_ods.zip,estimativa_populacao_1995_ods.zip,arquivo,https://ftp.ibge.gov.br/Estimativas_de_Populacao/Estimativas_1995/estimativa_populacao_1995_ods.zip
Estimativas_de_Populacao/Estimativas_1995/estimativa_populacao_1995_xls.zip,estimativa_populacao_1995_xls.zip,arquivo,https://ftp.ibge.gov.br/Estimativas_de_Populacao/Estimativas_1995/estimativa_populacao_1995_xls.zip
Estimativas_de_Populacao/Estimativas_1995/estimativa_populacao_1995.pdf,estimativa_populacao_1995.pdf,arquivo,https://ftp.ibge.gov.br/Estimativas_de_Populacao/Estimativas_1995/estimativa_populacao_1995.pdf
Estimativas_de_Populacao/Estimativas_1997,Estimativas_1997,pasta,https://ftp.ibge.gov.br/Estimativas_de_Populacao/Estimativas_1997
Estimativas_de_Populacao/Estimativas_1997/estimativa_populacao_1997_ods.zip,estimativa_populacao_1997_ods.zip,arquivo,https://ftp.ibge.gov.br/Estimativas_de_Populacao/Estimativas_1997/estimativa_populacao_1997_ods.zip
Estimativas_de_Populacao/Estimativas_1997/estimativa_populacao_1997_xls.zip,estimativa_populacao_1997_xls.zip,arquivo,https://ftp.ibge.gov.br/Estimativas_de_Populacao/Estimativas_1997/estimativa_populacao_1997_xls.zip
Estimativas_de_Populacao/Estimativas_1997/estimativa_populacao_1997.pdf,estimativa_populacao_1997.pdf,arquivo,https://ftp.ibge.gov.br/Estimativas_de_Populacao/Estimativas_1997/estimativa_populacao_1997.pdf
Estimativas_de_Populacao/Estimativas_1998,Estimativas_1998,pasta,https://ftp.ibge.gov.br/Estimativas_de_Populacao/Estimativas_1998
Estimativas_de_Populacao/Estimativas_1998/estimativa_populacao_1998_ods.zip,estimativa_populacao_1998_ods.zip,arquivo,https://ftp.ibge.gov.br/Estimativas_de_Populacao/Estimativas_1998/estimativa_populacao_1998_ods.zip
Estimativas_de_Populacao/Estimativas_1998/estimativa_populacao_1998_xls.zip,estimativa_populacao_1998_xls.zip,arquivo,https://ftp.ibge.gov.br/Estimativas_de_Populacao/Estimativas_1998/estimativa_populacao_1998_xls.zip
Estimativas_de_Populacao/Estimativas_1998/estimativa_populacao_1998.pdf,estimativa_populacao_1998.pdf,arquivo,https://ftp.ibge.gov.br/Estimativas_de_Populacao/Estimativas_1998/estimativa_populacao_1998.pdf
Estimativas_de_Populacao/Estimativas_1999,Estimativas_1999,pasta,https://ftp.ibge.gov.br/Estimativas_de_Populacao/Estimativas_1999
Estimativas_de_Populacao/Estimativas_1999/estimativa_populacao_1999_ods.zip,estimativa_populacao_1999_ods.zip,arquivo,https://ftp.ibge.gov.br/Estimativas_de_Populacao/Estimativas_1999/estimativa_populacao_1999_ods.zip
Estimativas_de_Populacao/Estimativas_1999/estimativa_populacao_1999_xls.zip,estimativa_populacao_1999_xls.zip,arquivo,https://ftp.ibge.gov.br/Estimativas_de_Populacao/Estimativas_1999/estimativa_populacao_1999_xls.zip
Estimativas_de_Populacao/Estimativas_1999/estimativa_populacao_1999.pdf,estimativa_populacao_1999.pdf,arquivo,https://ftp.ibge.gov.br/Estimativas_de_Populacao/Estimativas_1999/estimativa_populacao_1999.pdf
Estimativas_de_Populacao/Estimativas_2000,Estimativas_2000,pasta,https://ftp.ibge.gov.br/Estimativas_de_Populacao/Estimativas_2000
Estimativas_de_Populacao/Estimativas_2000/Leia_me.txt,Leia_me.txt,arquivo,https://ftp.ibge.gov.br/Estimativas_de_Populacao/Estimativas_2000/Leia_me.txt
Estimativas_de_Populacao/Estimativas_2000/UF_Municipio.zip,UF_Municipio.zip,arquivo,https://ftp.ibge.gov.br/Estimativas_de_Populacao/Estimativas_2000/UF_Municipio.zip
Estimativas_de_Populacao/Estimativas_2001,Estimativas_2001,pasta,https://ftp.ibge.gov.br/Estimativas_de_Populacao/Estimativas_2001
Estimativas_de_Populacao/Estimativas_2001/Leia_me.txt,Leia_me.txt,arquivo,https://ftp.ibge.gov.br/Estimativas_de_Populacao/Estimativas_2001/Leia_me.txt
Estimativas_de_Populacao/Estimativas_2001/UF_Municipio.zip,UF_Municipio.zip,arquivo,https://ftp.ibge.gov.br/Estimativas_de_Populacao/Estimativas_2001/UF_Municipio.zip
Estimativas_de_Populacao/Estimativas_2002,Estimativas_2002,pasta,https://ftp.ibge.gov.br/Estimativas_de_Populacao/Estimativas_2002
Estimativas_de_Populacao/Estimativas_2002/leia_me.txt,leia_me.txt,arquivo,https://ftp.ibge.gov.br/Estimativas_de_Populacao/Estimativas_2002/leia_me.txt
Estimativas_de_Populacao/Estimativas_2002/Metodologia_Simplificada.zip,Metodologia_Simplificada.zip,arquivo,https://ftp.ibge.gov.br/Estimativas_de_Populacao/Estimativas_2002/Metodologia_Simplificada.zip
Estimativas_de_Populacao/Estimativas_2002/UF_Municipio.zip,UF_Municipio.zip,arquivo,https://ftp.ibge.gov.br/Estimativas_de_Populacao/Estimativas_2002/UF_Municipio.zip
Estimativas_de_Populacao/Estimativas_2003,Estimativas_2003,pasta,https://ftp.ibge.gov.br/Estimativas_de_Populacao/Estimativas_2003
Estimativas_de_Populacao/Estimativas_2003/UF_Municipio.zip,UF_Municipio.zip,arquivo,https://ftp.ibge.gov.br/Estimativas_de_Populacao/Estimativas_2003/UF_Municipio.zip
Estimativas_de_Populacao/Estimativas_2004,Estimativas_2004,pasta,https://ftp.ibge.gov.br/Estimativas_de_Populacao/Estimativas_2004
Estimativas_de_Populacao/Estimativas_2004/Taxas_Anuais.zip,Taxas_Anuais.zip,arquivo,https://ftp.ibge.gov.br/Estimativas_de_Populacao/Estimativas_2004/Taxas_Anuais.zip
Estimativas_de_Populacao/Estimativas_2004/UF_Municipio.zip,UF_Municipio.zip,arquivo,https://ftp.ibge.gov.br/Estimativas_de_Populacao/Estimativas_2004/UF_Municipio.zip
Estimativas_de_Populacao/Estimativas_2005,Estimativas_2005,pasta,https://ftp.ibge.gov.br/Estimativas_de_Populacao/Estimativas_2005
Estimativas_de_Populacao/Estimativas_2005/UF_Municipio.zip,UF_Municipio.zip,arquivo,https://ftp.ibge.gov.br/Estimativas_de_Populacao/Estimativas_2005/UF_Municipio.zip
Estimativas_de_Populacao/Estimativas_2006,Estimativas_2006,pasta,https://ftp.ibge.gov.br/Estimativas_de_Populacao/Estimativas_2006
Estimativas_de_Populacao/Estimativas_2006/UF_Municipio.zip,UF_Municipio.zip,arquivo,https://ftp.ibge.gov.br/Estimativas_de_Populacao/Estimativas_2006/UF_Municipio.zip
Estimativas_de_Populacao/Estimativas_2008,Estimativas_2008,pasta,https://ftp.ibge.gov.br/Estimativas_de_Populacao/Estimativas_2008
Estimativas_de_Populacao/Estimativas_2008/UF_Municipio.zip,UF_Municipio.zip,arquivo,https://ftp.ibge.gov.br/Estimativas_de_Populacao/Estimativas_2008/UF_Municipio.zip
Estimativas_de_Populacao/Estimativas_2009,Estimativas_2009,pasta,https://ftp.ibge.gov.br/Estimativas_de_Populacao/Estimativas_2009
Estimativas_de_Populacao/Estimativas_2009/UF_Municipio.zip,UF_Municipio.zip,arquivo,https://ftp.ibge.gov.br/Estimativas_de_Populacao/Estimativas_2009/UF_Municipio.zip
Estimativas_de_Populacao/Estimativas_2011,Estimativas_2011,pasta,https://ftp.ibge.gov.br/Estimativas_de_Populacao/Estimativas_2011
Estimativas_de_Populacao/Estimativas_2011/POP2011_DOU.zip,POP2011_DOU.zip,arquivo,https://ftp.ibge.gov.br/Estimativas_de_Populacao/Estimativas_2011/POP2011_DOU.zip
Estimativas_de_Populacao/Estimativas_2011/tab_Brasil_UF.zip,tab_Brasil_UF.zip,arquivo,https://ftp.ibge.gov.br/Estimativas_de_Populacao/Estimativas_2011/tab_Brasil_UF.zip
Estimativas_de_Populacao/Estimativas_2011/tab_Municipios_TCU.zip,tab_Municipios_TCU.zip,arquivo,https://ftp.ibge.gov.br/Estimativas_de_Populacao/Estimativas_2011/tab_Municipios_TCU.zip
Estimativas_de_Populacao/Estimativas_2011/UF_Municipio.zip,UF_Municipio.zip,arquivo,https://ftp.ibge.gov.br/Estimativas_de_Populacao/Estimativas_2011/UF_Municipio.zip
Estimativas_de_Populacao/Estimativas_2012,Estimativas_2012,pasta,https://ftp.ibge.gov.br/Estimativas_de_Populacao/Estimativas_2012
Estimativas_de_Populacao/Estimativas_2012/estimativa_2012_DOU_28_08_2012_ods.zip,estimativa_2012_DOU_28_08_2012_ods.zip,arquivo,https://ftp.ibge.gov.br/Estimativas_de_Populacao/Estimativas_2012/estimativa_2012_DOU_28_08_2012_ods.zip
Estimativas_de_Populacao/Estimativas_2012/estimativa_2012_DOU_28_08_2012_xls.zip,estimativa_2012_DOU_28_08_2012_xls.zip,arquivo,https://ftp.ibge.gov.br/Estimativas_de_Populacao/Estimativas_2012/estimativa_2012_DOU_28_08_2012_xls.zip
Estimativas_de_Populacao/Estimativas_2012/estimativa_2012_municipios.pdf,estimativa_2012_municipios.pdf,arquivo,https://ftp.ibge.gov.br/Estimativas_de_Populacao/Estimativas_2012/estimativa_2012_municipios.pdf
Estimativas_de_Populacao/Estimativas_2012/estimativa_2012_TCU_20170614.ods,estimativa_2012_TCU_20170614.ods,arquivo,https://ftp.ibge.gov.br/Estimativas_de_Populacao/Estimativas_2012/estimativa_2012_TCU_20170614.ods
Estimativas_de_Populacao/Estimativas_2012/estimativa_2012_TCU_20170614.pdf,estimativa_2012_TCU_20170614.pdf,arquivo,https://ftp.ibge.gov.br/Estimativas_de_Populacao/Estimativas_2012/estimativa_2012_TCU_20170614.pdf
Estimativas_de_Populacao/Estimativas_2012/estimativa_2012_TCU_20170614.xls,estimativa_2012_TCU_20170614.xls,arquivo,https://ftp.ibge.gov.br/Estimativas_de_Populacao/Estimativas_2012/estimativa_2012_TCU_20170614.xls
Estimativas_de_Populacao/Estimativas_2012/Populacao_BR_UF_31_10_2012.zip,Populacao_BR_UF_31_10_2012.zip,arquivo,https://ftp.ibge.gov.br/Estimativas_de_Populacao/Estimativas_2012/Populacao_BR_UF_31_10_2012.zip
Estimativas_de_Populacao/Estimativas_2012/Populacao_Municipios_31_10_2012.zip,Populacao_Municipios_31_10_2012.zip,arquivo,https://ftp.ibge.gov.br/Estimativas_de_Populacao/Estimativas_2012/Populacao_Municipios_31_10_2012.zip
Estimativas_de_Populacao/Estimativas_2012/serie_2001_2012_TCU.pdf,serie_2001_2012_TCU.pdf,arquivo,https://ftp.ibge.gov.br/Estimativas_de_Populacao/Estimativas_2012/serie_2001_2012_TCU.pdf
Estimativas_de_Populacao/Estimativas_2012/serie_2001_2012_TCU.xls,serie_2001_2012_TCU.xls,arquivo,https://ftp.ibge.gov.br/Estimativas_de_Populacao/Estimativas_2012/serie_2001_2012_TCU.xls
Estimativas_de_Populacao/Estimativas_2012/TAB_TCU_BR_e_UFs_ods.zip,TAB_TCU_BR_e_UFs_ods.zip,arquivo,https://ftp.ibge.gov.br/Estimativas_de_Populacao/Estimativas_2012/TAB_TCU_BR_e_UFs_ods.zip
Estimativas_de_Populacao/Estimativas_2012/TAB_TCU_Municipios_ods.zip,TAB_TCU_Municipios_ods.zip,arquivo,https://ftp.ibge.gov.br/Estimativas_de_Populacao/Estimativas_2012/TAB_TCU_Municipios_ods.zip
Estimativas_de_Populacao/Estimativas_2013,Estimativas_2013,pasta,https://ftp.ibge.gov.br/Estimativas_de_Populacao/Estimativas_2013
Estimativas_de_Populacao/Estimativas_2013/estimativa_2013_dou_ods.zip,estimativa_2013_dou_ods.zip,arquivo,https://ftp.ibge.gov.br/Estimativas_de_Populacao/Estimativas_2013/estimativa_2013_dou_ods.zip
Estimativas_de_Populacao/Estimativas_2013/estimativa_2013_dou_xls.zip,estimativa_2013_dou_xls.zip,arquivo,https://ftp.ibge.gov.br/Estimativas_de_Populacao/Estimativas_2013/estimativa_2013_dou_xls.zip
Estimativas_de_Populacao/Estimativas_2013/estimativa_2013_dou.pdf,estimativa_2013_dou.pdf,arquivo,https://ftp.ibge.gov.br/Estimativas_de_Populacao/Estimativas_2013/estimativa_2013_dou.pdf
Estimativas_de_Populacao/Estimativas_2013/estimativa_2013_TCU_20170614.ods,estimativa_2013_TCU_20170614.ods,arquivo,https://ftp.ibge.gov.br/Estimativas_de_Populacao/Estimativas_2013/estimativa_2013_TCU_20170614.ods
Estimativas_de_Populacao/Estimativas_2013/estimativa_2013_TCU_20170614.pdf,estimativa_2013_TCU_20170614.pdf,arquivo,https://ftp.ibge.gov.br/Estimativas_de_Populacao/Estimativas_2013/estimativa_2013_TCU_20170614.pdf
Estimativas_de_Populacao/Estimativas_2013/estimativa_2013_TCU_20170614.xls,estimativa_2013_TCU_20170614.xls,arquivo,https://ftp.ibge.gov.br/Estimativas_de_Populacao/Estimativas_2013/estimativa_2013_TCU_20170614.xls
Estimativas_de_Populacao/Estimativas_2013/retificacao_estimativa_2013_dou.pdf,retificacao_estimativa_2013_dou.pdf,arquivo,https://ftp.ibge.gov.br/Estimativas_de_Populacao/Estimativas_2013/retificacao_estimativa_2013_dou.pdf
Estimativas_de_Populacao/Estimativas_2013/serie_2001_2013_TCU.pdf,serie_2001_2013_TCU.pdf,arquivo,https://ftp.ibge.gov.br/Estimativas_de_Populacao/Estimativas_2013/serie_2001_2013_TCU.pdf
Estimativas_de_Populacao/Estimativas_2013/serie_2001_2013_TCU.xls,serie_2001_2013_TCU.xls,arquivo,https://ftp.ibge.gov.br/Estimativas_de_Populacao/Estimativas_2013/serie_2001_2013_TCU.xls
Estimativas_de_Populacao/Estimativas_2014,Estimativas_2014,pasta,https://ftp.ibge.gov.br/Estimativas_de_Populacao/Estimativas_2014
Estimativas_de_Populacao/Estimativas_2014/estimativa_dou_2014_ods.zip,estimativa_dou_2014_ods.zip,arquivo,https://ftp.ibge.gov.br/Estimativas_de_Populacao/Estimativas_2014/estimativa_dou_2014_ods.zip
Estimativas_de_Populacao/Estimativas_2014/estimativa_dou_2014_xls.zip,estimativa_dou_2014_xls.zip,arquivo,https://ftp.ibge.gov.br/Estimativas_de_Populacao/Estimativas_2014/estimativa_dou_2014_xls.zip
Estimativas_de_Populacao/Estimativas_2014/estimativa_dou_2014.pdf,estimativa_dou_2014.pdf,arquivo,https://ftp.ibge.gov.br/Estimativas_de_Populacao/Estimativas_2014/estimativa_dou_2014.pdf
Estimativas_de_Populacao/Estimativas_2014/estimativa_TCU_2014_20170614.ods,estimativa_TCU_2014_20170614.ods,arquivo,https://ftp.ibge.gov.br/Estimativas_de_Populacao/Estimativas_2014/estimativa_TCU_2014_20170614.ods
Estimativas_de_Populacao/Estimativas_2014/estimativa_TCU_2014_20170614.pdf,estimativa_TCU_2014_20170614.pdf,arquivo,https://ftp.ibge.gov.br/Estimativas_de_Populacao/Estimativas_2014/estimativa_TCU_2014_20170614.pdf
Estimativas_de_Populacao/Estimativas_2014/estimativa_TCU_2014_20170614.xls,estimativa_TCU_2014_20170614.xls,arquivo,https://ftp.ibge.gov.br/Estimativas_de_Populacao/Estimativas_2014/estimativa_TCU_2014_20170614.xls
Estimativas_de_Populacao/Estimativas_2014/retificacao_estimativa_2014_dou.pdf,retificacao_estimativa_2014_dou.pdf,arquivo,https://ftp.ibge.gov.br/Estimativas_de_Populacao/Estimativas_2014/retificacao_estimativa_2014_dou.pdf
Estimativas_de_Populacao/Estimativas_2014/serie_2001_2014_TCU.pdf,serie_2001_2014_TCU.pdf,arquivo,https://ftp.ibge.gov.br/Estimativas_de_Populacao/Estimativas_2014/serie_2001_2014_TCU.pdf
Estimativas_de_Populacao/Estimativas_2014/serie_2001_2014_TCU.xls,serie_2001_2014_TCU.xls,arquivo,https://ftp.ibge.gov.br/Estimativas_de_Populacao/Estimativas_2014/serie_2001_2014_TCU.xls
Estimativas_de_Populacao/Estimativas_2015,Estimativas_2015,pasta,https://ftp.ibge.gov.br/Estimativas_de_Populacao/Estimativas_2015
Estimativas_de_Populacao/Estimativas_2015/estimativa_dou_2015_20150915.ods,estimativa_dou_2015_20150915.ods,arquivo,https://ftp.ibge.gov.br/Estimativas_de_Populacao/Estimativas_2015/estimativa_dou_2015_20150915.ods
Estimativas_de_Populacao/Estimativas_2015/estimativa_dou_2015_20150915.pdf,estimativa_dou_2015_20150915.pdf,arquivo,https://ftp.ibge.gov.br/Estimativas_de_Populacao/Estimativas_2015/estimativa_dou_2015_20150915.pdf
Estimativas_de_Populacao/Estimativas_2015/estimativa_dou_2015_20150915.xls,estimativa_dou_2015_20150915.xls,arquivo,https://ftp.ibge.gov.br/Estimativas_de_Populacao/Estimativas_2015/estimativa_dou_2015_20150915.xls
Estimativas_de_Populacao/Estimativas_2015/estimativa_TCU_2015_20170614.ods,estimativa_TCU_2015_20170614.ods,arquivo,https://ftp.ibge.gov.br/Estimativas_de_Populacao/Estimativas_2015/estimativa_TCU_2015_20170614.ods
Estimativas_de_Populacao/Estimativas_2015/estimativa_TCU_2015_20170614.pdf,estimativa_TCU_2015_20170614.pdf,arquivo,https://ftp.ibge.gov.br/Estimativas_de_Populacao/Estimativas_2015/estimativa_TCU_2015_20170614.pdf
Estimativas_de_Populacao/Estimativas_2015/estimativa_TCU_2015_20170614.xls,estimativa_TCU_2015_20170614.xls,arquivo,https://ftp.ibge.gov.br/Estimativas_de_Populacao/Estimativas_2015/estimativa_TCU_2015_20170614.xls
Estimativas_de_Populacao/Estimativas_2015/serie_2001_2015_TCU.pdf,serie_2001_2015_TCU.pdf,arquivo,https://ftp.ibge.gov.br/Estimativas_de_Populacao/Estimativas_2015/serie_2001_2015_TCU.pdf
Estimativas_de_Populacao/Estimativas_2015/serie_2001_2015_TCU.xls,serie_2001_2015_TCU.xls,arquivo,https://ftp.ibge.gov.br/Estimativas_de_Populacao/Estimativas_2015/serie_2001_2015_TCU.xls
Estimativas_de_Populacao/Estimativas_2016,Estimativas_2016,pasta,https://ftp.ibge.gov.br/Estimativas_de_Populacao/Estimativas_2016
Estimativas_de_Populacao/Estimativas_2016/atualizacoes_20170614.txt,atualizacoes_20170614.txt,arquivo,https://ftp.ibge.gov.br/Estimativas_de_Populacao/Estimativas_2016/atualizacoes_20170614.txt
Estimativas_de_Populacao/Estimativas_2016/estimativa_dou_2016_20160913.ods,estimativa_dou_2016_20160913.ods,arquivo,https://ftp.ibge.gov.br/Estimativas_de_Populacao/Estimativas_2016/estimativa_dou_2016_20160913.ods
Estimativas_de_Populacao/Estimativas_2016/estimativa_dou_2016_20160913.pdf,estimativa_dou_2016_20160913.pdf,arquivo,https://ftp.ibge.gov.br/Estimativas_de_Populacao/Estimativas_2016/estimativa_dou_2016_20160913.pdf
Estimativas_de_Populacao/Estimativas_2016/estimativa_dou_2016_20160913.xlsx,estimativa_dou_2016_20160913.xlsx,arquivo,https://ftp.ibge.gov.br/Estimativas_de_Populacao/Estimativas_2016/estimativa_dou_2016_20160913.xlsx
Estimativas_de_Populacao/Estimativas_2016/estimativa_TCU_2016_20170614.ods,estimativa_TCU_2016_20170614.ods,arquivo,https://ftp.ibge.gov.br/Estimativas_de_Populacao/Estimativas_2016/estimativa_TCU_2016_20170614.ods
Estimativas_de_Populacao/Estimativas_2016/estimativa_TCU_2016_20170614.pdf,estimativa_TCU_2016_20170614.pdf,arquivo,https://ftp.ibge.gov.br/Estimativas_de_Populacao/Estimativas_2016/estimativa_TCU_2016_20170614.pdf
Estimativas_de_Populacao/Estimativas_2016/estimativa_TCU_2016_20170614.xls,estimativa_TCU_2016_20170614.xls,arquivo,https://ftp.ibge.gov.br/Estimativas_de_Populacao/Estimativas_2016/estimativa_TCU_2016_20170614.xls
Estimativas_de_Populacao/Estimativas_2016/serie_2001_2016_TCU.pdf,serie_2001_2016_TCU.pdf,arquivo,https://ftp.ibge.gov.br/Estimativas_de_Populacao/Estimativas_2016/serie_2001_2016_TCU.pdf
Estimativas_de_Populacao/Estimativas_2016/serie_2001_2016_TCU.xls,serie_2001_2016_TCU.xls,arquivo,https://ftp.ibge.gov.br/Estimativas_de_Populacao/Estimativas_2016/serie_2001_2016_TCU.xls
Estimativas_de_Populacao/Estimativas_2017,Estimativas_2017,pasta,https://ftp.ibge.gov.br/Estimativas_de_Populacao/Estimativas_2017
Estimativas_de_Populacao/Estimativas_2017/estimativa_dou_2017.ods,estimativa_dou_2017.ods,arquivo,https://ftp.ibge.gov.br/Estimativas_de_Populacao/Estimativas_2017/estimativa_dou_2017.ods
Estimativas_de_Populacao/Estimativas_2017/estimativa_dou_2017.pdf,estimativa_dou_2017.pdf,arquivo,https://ftp.ibge.gov.br/Estimativas_de_Populacao/Estimativas_2017/estimativa_dou_2017.pdf
Estimativas_de_Populacao/Estimativas_2017/estimativa_dou_2017.xls,estimativa_dou_2017.xls,arquivo,https://ftp.ibge.gov.br/Estimativas_de_Populacao/Estimativas_2017/estimativa_dou_2017.xls
Estimativas_de_Populacao/Estimativas_2017/POP2017_20220905.ods,POP2017_20220905.ods,arquivo,https://ftp.ibge.gov.br/Estimativas_de_Populacao/Estimativas_2017/POP2017_20220905.ods
Estimativas_de_Populacao/Estimativas_2017/POP2017_20220905.pdf,POP2017_20220905.pdf,arquivo,https://ftp.ibge.gov.br/Estimativas_de_Populacao/Estimativas_2017/POP2017_20220905.pdf
Estimativas_de_Populacao/Estimativas_2017/POP2017_20220905.xls,POP2017_20220905.xls,arquivo,https://ftp.ibge.gov.br/Estimativas_de_Populacao/Estimativas_2017/POP2017_20220905.xls
Estimativas_de_Populacao/Estimativas_2017/serie_2001_2017_TCU.pdf,serie_2001_2017_TCU.pdf,arquivo,https://ftp.ibge.gov.br/Estimativas_de_Populacao/Estimativas_2017/serie_2001_2017_TCU.pdf
Estimativas_de_Populacao/Estimativas_2017/serie_2001_2017_TCU.xls,serie_2001_2017_TCU.xls,arquivo,https://ftp.ibge.gov.br/Estimativas_de_Populacao/Estimativas_2017/serie_2001_2017_TCU.xls
Estimativas_de_Populacao/Estimativas_2018,Estimativas_2018,pasta,https://ftp.ibge.gov.br/Estimativas_de_Populacao/Estimativas_2018
Estimativas_de_Populacao/Estimativas_2018/estimativa_dou_2018_20181019.ods,estimativa_dou_2018_20181019.ods,arquivo,https://ftp.ibge.gov.br/Estimativas_de_Populacao/Estimativas_2018/estimativa_dou_2018_20181019.ods
Estimativas_de_Populacao/Estimativas_2018/estimativa_dou_2018_20181019.pdf,estimativa_dou_2018_20181019.pdf,arquivo,https://ftp.ibge.gov.br/Estimativas_de_Populacao/Estimativas_2018/estimativa_dou_2018_20181019.pdf
Estimativas_de_Populacao/Estimativas_2018/estimativa_dou_2018_20181019.xls,estimativa_dou_2018_20181019.xls,arquivo,https://ftp.ibge.gov.br/Estimativas_de_Populacao/Estimativas_2018/estimativa_dou_2018_20181019.xls
Estimativas_de_Populacao/Estimativas_2018/POP2018_20220905.ods,POP2018_20220905.ods,arquivo,https://ftp.ibge.gov.br/Estimativas_de_Populacao/Estimativas_2018/POP2018_20220905.ods
Estimativas_de_Populacao/Estimativas_2018/POP2018_20220905.pdf,POP2018_20220905.pdf,arquivo,https://ftp.ibge.gov.br/Estimativas_de_Populacao/Estimativas_2018/POP2018_20220905.pdf
Estimativas_de_Populacao/Estimativas_2018/POP2018_20220905.xls,POP2018_20220905.xls,arquivo,https://ftp.ibge.gov.br/Estimativas_de_Populacao/Estimativas_2018/POP2018_20220905.xls
Estimativas_de_Populacao/Estimativas_2018/serie_2001_2018_TCU.pdf,serie_2001_2018_TCU.pdf,arquivo,https://ftp.ibge.gov.br/Estimativas_de_Populacao/Estimativas_2018/serie_2001_2018_TCU.pdf
Estimativas_de_Populacao/Estimativas_2018/serie_2001_2018_TCU.xls,serie_2001_2018_TCU.xls,arquivo,https://ftp.ibge.gov.br/Estimativas_de_Populacao/Estimativas_2018/serie_2001_2018_TCU.xls
Estimativas_de_Populacao/Estimativas_2019,Estimativas_2019,pasta,https://ftp.ibge.gov.br/Estimativas_de_Populacao/Estimativas_2019
Estimativas_de_Populacao/Estimativas_2019/estimativa_dou_2019.ods,estimativa_dou_2019.ods,arquivo,https://ftp.ibge.gov.br/Estimativas_de_Populacao/Estimativas_2019/estimativa_dou_2019.ods
Estimativas_de_Populacao/Estimativas_2019/estimativa_dou_2019.pdf,estimativa_dou_2019.pdf,arquivo,https://ftp.ibge.gov.br/Estimativas_de_Populacao/Estimativas_2019/estimativa_dou_2019.pdf
Estimativas_de_Populacao/Estimativas_2019/estimativa_dou_2019.xls,estimativa_dou_2019.xls,arquivo,https://ftp.ibge.gov.br/Estimativas_de_Populacao/Estimativas_2019/estimativa_dou_2019.xls
Estimativas_de_Populacao/Estimativas_2019/POP2019_20220905.ods,POP2019_20220905.ods,arquivo,https://ftp.ibge.gov.br/Estimativas_de_Populacao/Estimativas_2019/POP2019_20220905.ods
Estimativas_de_Populacao/Estimativas_2019/POP2019_20220905.pdf,POP2019_20220905.pdf,arquivo,https://ftp.ibge.gov.br/Estimativas_de_Populacao/Estimativas_2019/POP2019_20220905.pdf
Estimativas_de_Populacao/Estimativas_2019/POP2019_20220905.xls,POP2019_20220905.xls,arquivo,https://ftp.ibge.gov.br/Estimativas_de_Populacao/Estimativas_2019/POP2019_20220905.xls
Estimativas_de_Populacao/Estimativas_2019/serie_2001_2019_TCU.pdf,serie_2001_2019_TCU.pdf,arquivo,https://ftp.ibge.gov.br/Estimativas_de_Populacao/Estimativas_2019/serie_2001_2019_TCU.pdf
Estimativas_de_Populacao/Estimativas_2019/serie_2001_2019_TCU.xls,serie_2001_2019_TCU.xls,arquivo,https://ftp.ibge.gov.br/Estimativas_de_Populacao/Estimativas_2019/serie_2001_2019_TCU.xls
Estimativas_de_Populacao/Estimativas_2020,Estimativas_2020,pasta,https://ftp.ibge.gov.br/Estimativas_de_Populacao/Estimativas_2020
Estimativas_de_Populacao/Estimativas_2020/estimativa_dou_2020.ods,estimativa_dou_2020.ods,arquivo,https://ftp.ibge.gov.br/Estimativas_de_Populacao/Estimativas_2020/estimativa_dou_2020.ods
Estimativas_de_Populacao/Estimativas_2020/estimativa_dou_2020.pdf,estimativa_dou_2020.pdf,arquivo,https://ftp.ibge.gov.br/Estimativas_de_Populacao/Estimativas_2020/estimativa_dou_2020.pdf
Estimativas_de_Populacao/Estimativas_2020/estimativa_dou_2020.xls,estimativa_dou_2020.xls,arquivo,https://ftp.ibge.gov.br/Estimativas_de_Populacao/Estimativas_2020/estimativa_dou_2020.xls
Estimativas_de_Populacao/Estimativas_2020/POP2020_20220711.ods,POP2020_20220711.ods,arquivo,https://ftp.ibge.gov.br/Estimativas_de_Populacao/Estimativas_2020/POP2020_20220711.ods
Estimativas_de_Populacao/Estimativas_2020/POP2020_20220711.pdf,POP2020_20220711.pdf,arquivo,https://ftp.ibge.gov.br/Estimativas_de_Populacao/Estimativas_2020/POP2020_20220711.pdf
Estimativas_de_Populacao/Estimativas_2020/POP2020_20220711.xls,POP2020_20220711.xls,arquivo,https://ftp.ibge.gov.br/Estimativas_de_Populacao/Estimativas_2020/POP2020_20220711.xls
Estimativas_de_Populacao/Estimativas_2020/POP2020_20220905.ods,POP2020_20220905.ods,arquivo,https://ftp.ibge.gov.br/Estimativas_de_Populacao/Estimativas_2020/POP2020_20220905.ods
Estimativas_de_Populacao/Estimativas_2020/POP2020_20220905.pdf,POP2020_20220905.pdf,arquivo,https://ftp.ibge.gov.br/Estimativas_de_Populacao/Estimativas_2020/POP2020_20220905.pdf
Estimativas_de_Populacao/Estimativas_2020/POP2020_20220905.xls,POP2020_20220905.xls,arquivo,https://ftp.ibge.gov.br/Estimativas_de_Populacao/Estimativas_2020/POP2020_20220905.xls
Estimativas_de_Populacao/Estimativas_2020/serie_2001_2020_TCU.pdf,serie_2001_2020_TCU.pdf,arquivo,https://ftp.ibge.gov.br/Estimativas_de_Populacao/Estimativas_2020/serie_2001_2020_TCU.pdf
Estimativas_de_Populacao/Estimativas_2020/serie_2001_2020_TCU.xls,serie_2001_2020_TCU.xls,arquivo,https://ftp.ibge.gov.br/Estimativas_de_Populacao/Estimativas_2020/serie_2001_2020_TCU.xls
Estimativas_de_Populacao/Estimativas_2021,Estimativas_2021,pasta,https://ftp.ibge.gov.br/Estimativas_de_Populacao/Estimativas_2021
Estimativas_de_Populacao/Estimativas_2021/estimativa_dou_2021.ods,estimativa_dou_2021.ods,arquivo,https://ftp.ibge.gov.br/Estimativas_de_Populacao/Estimativas_2021/estimativa_dou_2021.ods
Estimativas_de_Populacao/Estimativas_2021/estimativa_dou_2021.pdf,estimativa_dou_2021.pdf,arquivo,https://ftp.ibge.gov.br/Estimativas_de_Populacao/Estimativas_2021/estimativa_dou_2021.pdf
Estimativas_de_Populacao/Estimativas_2021/estimativa_dou_2021.xls,estimativa_dou_2021.xls,arquivo,https://ftp.ibge.gov.br/Estimativas_de_Populacao/Estimativas_2021/estimativa_dou_2021.xls
Estimativas_de_Populacao/Estimativas_2021/POP2021_20240624.ods,POP2021_20240624.ods,arquivo,https://ftp.ibge.gov.br/Estimativas_de_Populacao/Estimativas_2021/POP2021_20240624.ods
Estimativas_de_Populacao/Estimativas_2021/POP2021_20240624.pdf,POP2021_20240624.pdf,arquivo,https://ftp.ibge.gov.br/Estimativas_de_Populacao/Estimativas_2021/POP2021_20240624.pdf
Estimativas_de_Populacao/Estimativas_2021/POP2021_20240624.xls,POP2021_20240624.xls,arquivo,https://ftp.ibge.gov.br/Estimativas_de_Populacao/Estimativas_2021/POP2021_20240624.xls
Estimativas_de_Populacao/Estimativas_2024,Estimativas_2024,pasta,https://ftp.ibge.gov.br/Estimativas_de_Populacao/Estimativas_2024
Estimativas_de_Populacao/Estimativas_2024/Decisoes_judiciais_que_alteraram_coeficientes_do_FPM.pdf,Decisoes_judiciais_que_alteraram_coeficientes_do_FPM.pdf,arquivo,https://ftp.ibge.gov.br/Estimativas_de_Populacao/Estimativas_2024/Decisoes_judiciais_que_alteraram_coeficientes_do_FPM.pdf
Estimativas_de_Populacao/Estimativas_2024/estimativa_dou_2024.ods,estimativa_dou_2024.ods,arquivo,https://ftp.ibge.gov.br/Estimativas_de_Populacao/Estimativas_2024/estimativa_dou_2024.ods
Estimativas_de_Populacao/Estimativas_2024/estimativa_dou_2024.pdf,estimativa_dou_2024.pdf,arquivo,https://ftp.ibge.gov.br/Estimativas_de_Populacao/Estimativas_2024/estimativa_dou_2024.pdf
Estimativas_de_Populacao/Estimativas_2024/estimativa_dou_2024.xls,estimativa_dou_2024.xls,arquivo,https://ftp.ibge.gov.br/Estimativas_de_Populacao/Estimativas_2024/estimativa_dou_2024.xls
Estimativas_de_Populacao/Estimativas_2024/POP2024_20241101.ods,POP2024_20241101.ods,arquivo,https://ftp.ibge.gov.br/Estimativas_de_Populacao/Estimativas_2024/POP2024_20241101.ods
Estimativas_de_Populacao/Estimativas_2024/POP2024_20241101.pdf,POP2024_20241101.pdf,arquivo,https://ftp.ibge.gov.br/Estimativas_de_Populacao/Estimativas_2024/POP2024_20241101.pdf
Estimativas_de_Populacao/Estimativas_2024/POP2024_20241101.xls,POP2024_20241101.xls,arquivo,https://ftp.ibge.gov.br/Estimativas_de_Populacao/Estimativas_2024/POP2024_20241101.xls
Estimativas_de_Populacao/Estimativas_2024/POP2024_20241230.ods,POP2024_20241230.ods,arquivo,https://ftp.ibge.gov.br/Estimativas_de_Populacao/Estimativas_2024/POP2024_20241230.ods
Estimativas_de_Populacao/Estimativas_2024/POP2024_20241230.pdf,POP2024_20241230.pdf,arquivo,https://ftp.ibge.gov.br/Estimativas_de_Populacao/Estimativas_2024/POP2024_20241230.pdf
Estimativas_de_Populacao/Estimativas_2024/POP2024_20241230.xls,POP2024_20241230.xls,arquivo,https://ftp.ibge.gov.br/Estimativas_de_Populacao/Estimativas_2024/POP2024_20241230.xls
Estimativas_de_Populacao/Estimativas_2025,Estimativas_2025,pasta,https://ftp.ibge.gov.br/Estimativas_de_Populacao/Estimativas_2025
Estimativas_de_Populacao/Estimativas_2025/Decisoes_judiciais_que_alteraram_coeficientes_do_FPM.pdf,Decisoes_judiciais_que_alteraram_coeficientes_do_FPM.pdf,arquivo,https://ftp.ibge.gov.br/Estimativas_de_Populacao/Estimativas_2025/Decisoes_judiciais_que_alteraram_coeficientes_do_FPM.pdf
Estimativas_de_Populacao/Estimativas_2025/estimativa_dou_2025.ods,estimativa_dou_2025.ods,arquivo,https://ftp.ibge.gov.br/Estimativas_de_Populacao/Estimativas_2025/estimativa_dou_2025.ods
Estimativas_de_Populacao/Estimativas_2025/estimativa_dou_2025.pdf,estimativa_dou_2025.pdf,arquivo,https://ftp.ibge.gov.br/Estimativas_de_Populacao/Estimativas_2025/estimativa_dou_2025.pdf
Estimativas_de_Populacao/Estimativas_2025/estimativa_dou_2025.xls,estimativa_dou_2025.xls,arquivo,https://ftp.ibge.gov.br/Estimativas_de_Populacao/Estimativas_2025/estimativa_dou_2025.xls
Estimativas_de_Populacao/Estimativas_2025/POP2025_20251031.ods,POP2025_20251031.ods,arquivo,https://ftp.ibge.gov.br/Estimativas_de_Populacao/Estimativas_2025/POP2025_20251031.ods
Estimativas_de_Populacao/Estimativas_2025/POP2025_20251031.pdf,POP2025_20251031.pdf,arquivo,https://ftp.ibge.gov.br/Estimativas_de_Populacao/Estimativas_2025/POP2025_20251031.pdf
Estimativas_de_Populacao/Estimativas_2025/POP2025_20251031.xls,POP2025_20251031.xls,arquivo,https://ftp.ibge.gov.br/Estimativas_de_Populacao/Estimativas_2025/POP2025_20251031.xls
Estimativas_de_Populacao/Estimativas_2025/POP2025_20260113.ods,POP2025_20260113.ods,arquivo,https://ftp.ibge.gov.br/Estimativas_de_Populacao/Estimativas_2025/POP2025_20260113.ods
Estimativas_de_Populacao/Estimativas_2025/POP2025_20260113.pdf,POP2025_20260113.pdf,arquivo,https://ftp.ibge.gov.br/Estimativas_de_Populacao/Estimativas_2025/POP2025_20260113.pdf
Estimativas_de_Populacao/Estimativas_2025/POP2025_20260113.xls,POP2025_20260113.xls,arquivo,https://ftp.ibge.gov.br/Estimativas_de_Populacao/Estimativas_2025/POP2025_20260113.xls
Estimativas_de_Populacao/Estimativas_2025/POP2025_20260828.ods,POP2025_20260828.ods,arquivo,https://ftp.ibge.gov.br/Estimativas_de_Populacao/Estimativas_2025/POP2025_20260828.ods
Estimativas_de_Populacao/Estimativas_2025/POP2025_20260828.pdf,POP2025_20260828.pdf,arquivo,https://ftp.ibge.gov.br/Estimativas_de_Populacao/Estimativas_2025/POP2025_20260828.pdf
Estimativas_de_Populacao/Estimativas_2025/POP2025_20260828.xls,POP2025_20260828.xls,arquivo,https://ftp.ibge.gov.br/Estimativas_de_Populacao/Estimativas_2025/POP2025_20260828.xls
Estimativas_de_Populacao/Estimativas_2026,Estimativas_2026,pasta,https://ftp.ibge.gov.br/Estimativas_de_Populacao/Estimativas_2026
Estimativas_de_Populacao/Estimativas_2026/Decisoes_judiciais_que_alteraram_coeficientes_do_FPM.pdf,Decisoes_judiciais_que_alteraram_coeficientes_do_FPM.pdf,arquivo,https://ftp.ibge.gov.br/Estimativas_de_Populacao/Estimativas_2026/Decisoes_judiciais_que_alteraram_coeficientes_do_FPM.pdf
Estimativas_de_Populacao/Estimativas_2026/estimativa_dou_2026.ods,estimativa_dou_2026.ods,arquivo,https://ftp.ibge.gov.br/Estimativas_de_Populacao/Estimativas_2026/estimativa_dou_2026.ods
Estimativas_de_Populacao/Estimativas_2026/estimativa_dou_2026.pdf,estimativa_dou_2026.pdf,arquivo,https://ftp.ibge.gov.br/Estimativas_de_Populacao/Estimativas_2026/estimativa_dou_2026.pdf
Estimativas_de_Populacao/Estimativas_2026/estimativa_dou_2026.xlsx,estimativa_dou_2026.xlsx,arquivo,https://ftp.ibge.gov.br/Estimativas_de_Populacao/Estimativas_2026/estimativa_dou_2026.xlsx
